STRUCTURE,STRUCTURE_ID,STRUCTURE_NAME,ACTION,REF_AREA,Reference area,FREQ,Frequency of observation,MEASURE,Measure,UNIT_MEASURE,Unit of measure,ACTIVITY,Economic activity,ADJUSTMENT,Adjustment,TRANSFORMATION,Transformation,TIME_HORIZ,Time horizon,METHODOLOGY,Calculation methodology,TIME_PERIOD,Time period,OBS_VALUE,Observation value,OBS_STATUS,Observation status,UNIT_MULT,Unit multiplier,DECIMALS,Decimals,BASE_PER,Base period
DATAFLOW,OECD.SDD.STES:DSD_STES@DF_FINMARK(4.0),Financial market,I,ISR,Israel,A,Annual,CC,Nominal exchange rates,XDC_USD,National currency per US dollar,_Z,Not applicable,_Z,Not applicable,_Z,Not applicable,_Z,Not applicable,N,National,1975,,0.0006325988,,A,Normal value,0,Units,2,Two,,
DATAFLOW,OECD.SDD.STES:DSD_STES@DF_FINMARK(4.0),Financial market,I,ISR,Israel,A,Annual,CC,Nominal exchange rates,XDC_USD,National currency per US dollar,_Z,Not applicable,_Z,Not applicable,_Z,Not applicable,_Z,Not applicable,N,National,1976,,0.000793632,,A,Normal value,0,Units,2,Two,,
DATAFLOW,OECD.SDD.STES:DSD_STES@DF_FINMARK(4.0),Financial market,I,ISR,Israel,A,Annual,CC,Nominal exchange rates,XDC_USD,National currency per US dollar,_Z,Not applicable,_Z,Not applicable,_Z,Not applicable,_Z,Not applicable,N,National,1959,,0.00018,,A,Normal value,0,Units,2,Two,,
DATAFLOW,OECD.SDD.STES:DSD_STES@DF_FINMARK(4.0),Financial market,I,ISR,Israel,A,Annual,CC,Nominal exchange rates,XDC_USD,National currency per US dollar,_Z,Not applicable,_Z,Not applicable,_Z,Not applicable,_Z,Not applicable,N,National,1960,,0.00018,,A,Normal value,0,Units,2,Two,,
DATAFLOW,OECD.SDD.STES:DSD_STES@DF_FINMARK(4.0),Financial market,I,ISR,Israel,A,Annual,CC,Nominal exchange rates,XDC_USD,National currency per US dollar,_Z,Not applicable,_Z,Not applicable,_Z,Not applicable,_Z,Not applicable,N,National,1961,,0.00018,,A,Normal value,0,Units,2,Two,,
DATAFLOW,OECD.SDD.STES:DSD_STES@DF_FINMARK(4.0),Financial market,I,ISR,Israel,A,Annual,CC,Nominal exchange rates,XDC_USD,National currency per US dollar,_Z,Not applicable,_Z,Not applicable,_Z,Not applicable,_Z,Not applicable,N,National,2001,,4.206044,,A,Normal value,0,Units,2,Two,,
DATAFLOW,OECD.SDD.STES:DSD_STES@DF_FINMARK(4.0),Financial market,I,ISR,Israel,A,Annual,CC,Nominal exchange rates,XDC_USD,National currency per US dollar,_Z,Not applicable,_Z,Not applicable,_Z,Not applicable,_Z,Not applicable,N,National,2002,,4.736465,,A,Normal value,0,Units,2,Two,,
DATAFLOW,OECD.SDD.STES:DSD_STES@DF_FINMARK(4.0),Financial market,I,ISR,Israel,A,Annual,CC,Nominal exchange rates,XDC_USD,National currency per US dollar,_Z,Not applicable,_Z,Not applicable,_Z,Not applicable,_Z,Not applicable,N,National,1964,,0.000299999,,A,Normal value,0,Units,2,Two,,
DATAFLOW,OECD.SDD.STES:DSD_STES@DF_FINMARK(4.0),Financial market,I,ISR,Israel,A,Annual,CC,Nominal exchange rates,XDC_USD,National currency per US dollar,_Z,Not applicable,_Z,Not applicable,_Z,Not applicable,_Z,Not applicable,N,National,1965,,0.000299999,,A,Normal value,0,Units,2,Two,,
DATAFLOW,OECD.SDD.STES:DSD_STES@DF_FINMARK(4.0),Financial market,I,ISR,Israel,A,Annual,CC,Nominal exchange rates,XDC_USD,National currency per US dollar,_Z,Not applicable,_Z,Not applicable,_Z,Not applicable,_Z,Not applicable,N,National,1966,,0.000299999,,A,Normal value,0,Units,2,Two,,
DATAFLOW,OECD.SDD.STES:DSD_STES@DF_FINMARK(4.0),Financial market,I,ISR,Israel,A,Annual,CC,Nominal exchange rates,XDC_USD,National currency per US dollar,_Z,Not applicable,_Z,Not applicable,_Z,Not applicable,_Z,Not applicable,N,National,1967,,0.0003083323,,A,Normal value,0,Units,2,Two,,
DATAFLOW,OECD.SDD.STES:DSD_STES@DF_FINMARK(4.0),Financial market,I,ISR,Israel,A,Annual,CC,Nominal exchange rates,XDC_USD,National currency per US dollar,_Z,Not applicable,_Z,Not applicable,_Z,Not applicable,_Z,Not applicable,N,National,1968,,0.000349999,,A,Normal value,0,Units,2,Two,,
DATAFLOW,OECD.SDD.STES:DSD_STES@DF_FINMARK(4.0),Financial market,I,ISR,Israel,A,Annual,CC,Nominal exchange rates,XDC_USD,National currency per US dollar,_Z,Not applicable,_Z,Not applicable,_Z,Not applicable,_Z,Not applicable,N,National,1969,,0.000349999,,A,Normal value,0,Units,2,Two,,
DATAFLOW,OECD.SDD.STES:DSD_STES@DF_FINMARK(4.0),Financial market,I,ISR,Israel,A,Annual,CC,Nominal exchange rates,XDC_USD,National currency per US dollar,_Z,Not applicable,_Z,Not applicable,_Z,Not applicable,_Z,Not applicable,N,National,1970,,0.00035,,A,Normal value,0,Units,2,Two,,
DATAFLOW,OECD.SDD.STES:DSD_STES@DF_FINMARK(4.0),Financial market,I,ISR,Israel,A,Annual,CC,Nominal exchange rates,XDC_USD,National currency per US dollar,_Z,Not applicable,_Z,Not applicable,_Z,Not applicable,_Z,Not applicable,N,National,1971,,0.0003752151,,A,Normal value,0,Units,2,Two,,
DATAFLOW,OECD.SDD.STES:DSD_STES@DF_FINMARK(4.0),Financial market,I,ISR,Israel,A,Annual,CC,Nominal exchange rates,XDC_USD,National currency per US dollar,_Z,Not applicable,_Z,Not applicable,_Z,Not applicable,_Z,Not applicable,N,National,1972,,0.00042,,A,Normal value,0,Units,2,Two,,
DATAFLOW,OECD.SDD.STES:DSD_STES@DF_FINMARK(4.0),Financial market,I,ISR,Israel,A,Annual,CC,Nominal exchange rates,XDC_USD,National currency per US dollar,_Z,Not applicable,_Z,Not applicable,_Z,Not applicable,_Z,Not applicable,N,National,1973,,0.00042,,A,Normal value,0,Units,2,Two,,
DATAFLOW,OECD.SDD.STES:DSD_STES@DF_FINMARK(4.0),Financial market,I,ISR,Israel,A,Annual,CC,Nominal exchange rates,XDC_USD,National currency per US dollar,_Z,Not applicable,_Z,Not applicable,_Z,Not applicable,_Z,Not applicable,N,National,1957,,0.00018,,A,Normal value,0,Units,2,Two,,
DATAFLOW,OECD.SDD.STES:DSD_STES@DF_FINMARK(4.0),Financial market,I,ISR,Israel,A,Annual,CC,Nominal exchange rates,XDC_USD,National currency per US dollar,_Z,Not applicable,_Z,Not applicable,_Z,Not applicable,_Z,Not applicable,N,National,1958,,0.00018,,A,Normal value,0,Units,2,Two,,
DATAFLOW,OECD.SDD.STES:DSD_STES@DF_FINMARK(4.0),Financial market,I,ISR,Israel,A,Annual,CC,Nominal exchange rates,XDC_USD,National currency per US dollar,_Z,Not applicable,_Z,Not applicable,_Z,Not applicable,_Z,Not applicable,N,National,1977,,0.001047503,,A,Normal value,0,Units,2,Two,,
DATAFLOW,OECD.SDD.STES:DSD_STES@DF_FINMARK(4.0),Financial market,I,ISR,Israel,A,Annual,CC,Nominal exchange rates,XDC_USD,National currency per US dollar,_Z,Not applicable,_Z,Not applicable,_Z,Not applicable,_Z,Not applicable,N,National,1978,,0.001747511,,A,Normal value,0,Units,2,Two,,
DATAFLOW,OECD.SDD.STES:DSD_STES@DF_FINMARK(4.0),Financial market,I,ISR,Israel,A,Annual,CC,Nominal exchange rates,XDC_USD,National currency per US dollar,_Z,Not applicable,_Z,Not applicable,_Z,Not applicable,_Z,Not applicable,N,National,1979,,0.002543616,,A,Normal value,0,Units,2,Two,,
DATAFLOW,OECD.SDD.STES:DSD_STES@DF_FINMARK(4.0),Financial market,I,ISR,Israel,A,Annual,CC,Nominal exchange rates,XDC_USD,National currency per US dollar,_Z,Not applicable,_Z,Not applicable,_Z,Not applicable,_Z,Not applicable,N,National,1980,,0.005124935,,A,Normal value,0,Units,2,Two,,
DATAFLOW,OECD.SDD.STES:DSD_STES@DF_FINMARK(4.0),Financial market,I,ISR,Israel,A,Annual,CC,Nominal exchange rates,XDC_USD,National currency per US dollar,_Z,Not applicable,_Z,Not applicable,_Z,Not applicable,_Z,Not applicable,N,National,1981,,0.01142528,,A,Normal value,0,Units,2,Two,,
DATAFLOW,OECD.SDD.STES:DSD_STES@DF_FINMARK(4.0),Financial market,I,ISR,Israel,A,Annual,CC,Nominal exchange rates,XDC_USD,National currency per US dollar,_Z,Not applicable,_Z,Not applicable,_Z,Not applicable,_Z,Not applicable,N,National,1982,,0.02426704,,A,Normal value,0,Units,2,Two,,
DATAFLOW,OECD.SDD.STES:DSD_STES@DF_FINMARK(4.0),Financial market,I,ISR,Israel,A,Annual,CC,Nominal exchange rates,XDC_USD,National currency per US dollar,_Z,Not applicable,_Z,Not applicable,_Z,Not applicable,_Z,Not applicable,N,National,1983,,0.05623128,,A,Normal value,0,Units,2,Two,,
DATAFLOW,OECD.SDD.STES:DSD_STES@DF_FINMARK(4.0),Financial market,I,ISR,Israel,A,Annual,CC,Nominal exchange rates,XDC_USD,National currency per US dollar,_Z,Not applicable,_Z,Not applicable,_Z,Not applicable,_Z,Not applicable,N,National,1984,,0.2932098,,A,Normal value,0,Units,2,Two,,
DATAFLOW,OECD.SDD.STES:DSD_STES@DF_FINMARK(4.0),Financial market,I,ISR,Israel,A,Annual,CC,Nominal exchange rates,XDC_USD,National currency per US dollar,_Z,Not applicable,_Z,Not applicable,_Z,Not applicable,_Z,Not applicable,N,National,1985,,1.178861,,A,Normal value,0,Units,2,Two,,
DATAFLOW,OECD.SDD.STES:DSD_STES@DF_FINMARK(4.0),Financial market,I,ISR,Israel,A,Annual,CC,Nominal exchange rates,XDC_USD,National currency per US dollar,_Z,Not applicable,_Z,Not applicable,_Z,Not applicable,_Z,Not applicable,N,National,1986,,1.487839,,A,Normal value,0,Units,2,Two,,
DATAFLOW,OECD.SDD.STES:DSD_STES@DF_FINMARK(4.0),Financial market,I,ISR,Israel,A,Annual,CC,Nominal exchange rates,XDC_USD,National currency per US dollar,_Z,Not applicable,_Z,Not applicable,_Z,Not applicable,_Z,Not applicable,N,National,1987,,1.594645,,A,Normal value,0,Units,2,Two,,
DATAFLOW,OECD.SDD.STES:DSD_STES@DF_FINMARK(4.0),Financial market,I,ISR,Israel,A,Annual,CC,Nominal exchange rates,XDC_USD,National currency per US dollar,_Z,Not applicable,_Z,Not applicable,_Z,Not applicable,_Z,Not applicable,N,National,1988,,1.59894,,A,Normal value,0,Units,2,Two,,
DATAFLOW,OECD.SDD.STES:DSD_STES@DF_FINMARK(4.0),Financial market,I,ISR,Israel,A,Annual,CC,Nominal exchange rates,XDC_USD,National currency per US dollar,_Z,Not applicable,_Z,Not applicable,_Z,Not applicable,_Z,Not applicable,N,National,1989,,1.916412,,A,Normal value,0,Units,2,Two,,
DATAFLOW,OECD.SDD.STES:DSD_STES@DF_FINMARK(4.0),Financial market,I,ISR,Israel,A,Annual,CC,Nominal exchange rates,XDC_USD,National currency per US dollar,_Z,Not applicable,_Z,Not applicable,_Z,Not applicable,_Z,Not applicable,N,National,1990,,2.016173,,A,Normal value,0,Units,2,Two,,
DATAFLOW,OECD.SDD.STES:DSD_STES@DF_FINMARK(4.0),Financial market,I,ISR,Israel,A,Annual,CC,Nominal exchange rates,XDC_USD,National currency per US dollar,_Z,Not applicable,_Z,Not applicable,_Z,Not applicable,_Z,Not applicable,N,National,1991,,2.279109,,A,Normal value,0,Units,2,Two,,
DATAFLOW,OECD.SDD.STES:DSD_STES@DF_FINMARK(4.0),Financial market,I,ISR,Israel,A,Annual,CC,Nominal exchange rates,XDC_USD,National currency per US dollar,_Z,Not applicable,_Z,Not applicable,_Z,Not applicable,_Z,Not applicable,N,National,1992,,2.45904,,A,Normal value,0,Units,2,Two,,
DATAFLOW,OECD.SDD.STES:DSD_STES@DF_FINMARK(4.0),Financial market,I,ISR,Israel,A,Annual,CC,Nominal exchange rates,XDC_USD,National currency per US dollar,_Z,Not applicable,_Z,Not applicable,_Z,Not applicable,_Z,Not applicable,N,National,1993,,2.830048,,A,Normal value,0,Units,2,Two,,
DATAFLOW,OECD.SDD.STES:DSD_STES@DF_FINMARK(4.0),Financial market,I,ISR,Israel,A,Annual,CC,Nominal exchange rates,XDC_USD,National currency per US dollar,_Z,Not applicable,_Z,Not applicable,_Z,Not applicable,_Z,Not applicable,N,National,1994,,3.011182,,A,Normal value,0,Units,2,Two,,
DATAFLOW,OECD.SDD.STES:DSD_STES@DF_FINMARK(4.0),Financial market,I,ISR,Israel,A,Annual,CC,Nominal exchange rates,XDC_USD,National currency per US dollar,_Z,Not applicable,_Z,Not applicable,_Z,Not applicable,_Z,Not applicable,N,National,1995,,3.011382,,A,Normal value,0,Units,2,Two,,
DATAFLOW,OECD.SDD.STES:DSD_STES@DF_FINMARK(4.0),Financial market,I,ISR,Israel,A,Annual,CC,Nominal exchange rates,XDC_USD,National currency per US dollar,_Z,Not applicable,_Z,Not applicable,_Z,Not applicable,_Z,Not applicable,N,National,1996,,3.18723,,A,Normal value,0,Units,2,Two,,
DATAFLOW,OECD.SDD.STES:DSD_STES@DF_FINMARK(4.0),Financial market,I,ISR,Israel,A,Annual,CC,Nominal exchange rates,XDC_USD,National currency per US dollar,_Z,Not applicable,_Z,Not applicable,_Z,Not applicable,_Z,Not applicable,N,National,1997,,3.448897,,A,Normal value,0,Units,2,Two,,
DATAFLOW,OECD.SDD.STES:DSD_STES@DF_FINMARK(4.0),Financial market,I,ISR,Israel,A,Annual,CC,Nominal exchange rates,XDC_USD,National currency per US dollar,_Z,Not applicable,_Z,Not applicable,_Z,Not applicable,_Z,Not applicable,N,National,1998,,3.799341,,A,Normal value,0,Units,2,Two,,
DATAFLOW,OECD.SDD.STES:DSD_STES@DF_FINMARK(4.0),Financial market,I,ISR,Israel,A,Annual,CC,Nominal exchange rates,XDC_USD,National currency per US dollar,_Z,Not applicable,_Z,Not applicable,_Z,Not applicable,_Z,Not applicable,N,National,1999,,4.139054,,A,Normal value,0,Units,2,Two,,
DATAFLOW,OECD.SDD.STES:DSD_STES@DF_FINMARK(4.0),Financial market,I,ISR,Israel,A,Annual,CC,Nominal exchange rates,XDC_USD,National currency per US dollar,_Z,Not applicable,_Z,Not applicable,_Z,Not applicable,_Z,Not applicable,N,National,2000,,4.076589,,A,Normal value,0,Units,2,Two,,
DATAFLOW,OECD.SDD.STES:DSD_STES@DF_FINMARK(4.0),Financial market,I,ISR,Israel,A,Annual,CC,Nominal exchange rates,XDC_USD,National currency per US dollar,_Z,Not applicable,_Z,Not applicable,_Z,Not applicable,_Z,Not applicable,N,National,1962,,0.0002899991,,A,Normal value,0,Units,2,Two,,
DATAFLOW,OECD.SDD.STES:DSD_STES@DF_FINMARK(4.0),Financial market,I,ISR,Israel,A,Annual,CC,Nominal exchange rates,XDC_USD,National currency per US dollar,_Z,Not applicable,_Z,Not applicable,_Z,Not applicable,_Z,Not applicable,N,National,1963,,0.000299999,,A,Normal value,0,Units,2,Two,,
DATAFLOW,OECD.SDD.STES:DSD_STES@DF_FINMARK(4.0),Financial market,I,ISR,Israel,A,Annual,CC,Nominal exchange rates,XDC_USD,National currency per US dollar,_Z,Not applicable,_Z,Not applicable,_Z,Not applicable,_Z,Not applicable,N,National,2003,,4.546993,,A,Normal value,0,Units,2,Two,,
DATAFLOW,OECD.SDD.STES:DSD_STES@DF_FINMARK(4.0),Financial market,I,ISR,Israel,A,Annual,CC,Nominal exchange rates,XDC_USD,National currency per US dollar,_Z,Not applicable,_Z,Not applicable,_Z,Not applicable,_Z,Not applicable,N,National,2004,,4.480753,,A,Normal value,0,Units,2,Two,,
DATAFLOW,OECD.SDD.STES:DSD_STES@DF_FINMARK(4.0),Financial market,I,ISR,Israel,A,Annual,CC,Nominal exchange rates,XDC_USD,National currency per US dollar,_Z,Not applicable,_Z,Not applicable,_Z,Not applicable,_Z,Not applicable,N,National,2005,,4.487234,,A,Normal value,0,Units,2,Two,,
DATAFLOW,OECD.SDD.STES:DSD_STES@DF_FINMARK(4.0),Financial market,I,ISR,Israel,A,Annual,CC,Nominal exchange rates,XDC_USD,National currency per US dollar,_Z,Not applicable,_Z,Not applicable,_Z,Not applicable,_Z,Not applicable,N,National,2006,,4.457342,,A,Normal value,0,Units,2,Two,,
DATAFLOW,OECD.SDD.STES:DSD_STES@DF_FINMARK(4.0),Financial market,I,ISR,Israel,A,Annual,CC,Nominal exchange rates,XDC_USD,National currency per US dollar,_Z,Not applicable,_Z,Not applicable,_Z,Not applicable,_Z,Not applicable,N,National,2007,,4.10895,,A,Normal value,0,Units,2,Two,,
DATAFLOW,OECD.SDD.STES:DSD_STES@DF_FINMARK(4.0),Financial market,I,ISR,Israel,A,Annual,CC,Nominal exchange rates,XDC_USD,National currency per US dollar,_Z,Not applicable,_Z,Not applicable,_Z,Not applicable,_Z,Not applicable,N,National,2008,,3.58478,,A,Normal value,0,Units,2,Two,,
DATAFLOW,OECD.SDD.STES:DSD_STES@DF_FINMARK(4.0),Financial market,I,ISR,Israel,A,Annual,CC,Nominal exchange rates,XDC_USD,National currency per US dollar,_Z,Not applicable,_Z,Not applicable,_Z,Not applicable,_Z,Not applicable,N,National,2009,,3.92675,,A,Normal value,0,Units,2,Two,,
DATAFLOW,OECD.SDD.STES:DSD_STES@DF_FINMARK(4.0),Financial market,I,ISR,Israel,A,Annual,CC,Nominal exchange rates,XDC_USD,National currency per US dollar,_Z,Not applicable,_Z,Not applicable,_Z,Not applicable,_Z,Not applicable,N,National,2010,,3.73054,,A,Normal value,0,Units,2,Two,,
DATAFLOW,OECD.SDD.STES:DSD_STES@DF_FINMARK(4.0),Financial market,I,ISR,Israel,A,Annual,CC,Nominal exchange rates,XDC_USD,National currency per US dollar,_Z,Not applicable,_Z,Not applicable,_Z,Not applicable,_Z,Not applicable,N,National,2011,,3.574147,,A,Normal value,0,Units,2,Two,,
DATAFLOW,OECD.SDD.STES:DSD_STES@DF_FINMARK(4.0),Financial market,I,ISR,Israel,A,Annual,CC,Nominal exchange rates,XDC_USD,National currency per US dollar,_Z,Not applicable,_Z,Not applicable,_Z,Not applicable,_Z,Not applicable,N,National,2012,,3.850048,,A,Normal value,0,Units,2,Two,,
DATAFLOW,OECD.SDD.STES:DSD_STES@DF_FINMARK(4.0),Financial market,I,ISR,Israel,A,Annual,CC,Nominal exchange rates,XDC_USD,National currency per US dollar,_Z,Not applicable,_Z,Not applicable,_Z,Not applicable,_Z,Not applicable,N,National,2013,,3.609113,,A,Normal value,0,Units,2,Two,,
DATAFLOW,OECD.SDD.STES:DSD_STES@DF_FINMARK(4.0),Financial market,I,ISR,Israel,A,Annual,CC,Nominal exchange rates,XDC_USD,National currency per US dollar,_Z,Not applicable,_Z,Not applicable,_Z,Not applicable,_Z,Not applicable,N,National,2014,,3.577102,,A,Normal value,0,Units,2,Two,,
DATAFLOW,OECD.SDD.STES:DSD_STES@DF_FINMARK(4.0),Financial market,I,ISR,Israel,A,Annual,CC,Nominal exchange rates,XDC_USD,National currency per US dollar,_Z,Not applicable,_Z,Not applicable,_Z,Not applicable,_Z,Not applicable,N,National,2015,,3.886946,,A,Normal value,0,Units,2,Two,,
DATAFLOW,OECD.SDD.STES:DSD_STES@DF_FINMARK(4.0),Financial market,I,ISR,Israel,A,Annual,CC,Nominal exchange rates,XDC_USD,National currency per US dollar,_Z,Not applicable,_Z,Not applicable,_Z,Not applicable,_Z,Not applicable,N,National,2016,,3.839472,,A,Normal value,0,Units,2,Two,,
DATAFLOW,OECD.SDD.STES:DSD_STES@DF_FINMARK(4.0),Financial market,I,ISR,Israel,A,Annual,CC,Nominal exchange rates,XDC_USD,National currency per US dollar,_Z,Not applicable,_Z,Not applicable,_Z,Not applicable,_Z,Not applicable,N,National,2017,,3.599434,,A,Normal value,0,Units,2,Two,,
DATAFLOW,OECD.SDD.STES:DSD_STES@DF_FINMARK(4.0),Financial market,I,ISR,Israel,A,Annual,CC,Nominal exchange rates,XDC_USD,National currency per US dollar,_Z,Not applicable,_Z,Not applicable,_Z,Not applicable,_Z,Not applicable,N,National,2018,,3.595016,,A,Normal value,0,Units,2,Two,,
DATAFLOW,OECD.SDD.STES:DSD_STES@DF_FINMARK(4.0),Financial market,I,ISR,Israel,A,Annual,CC,Nominal exchange rates,XDC_USD,National currency per US dollar,_Z,Not applicable,_Z,Not applicable,_Z,Not applicable,_Z,Not applicable,N,National,2019,,3.564246,,A,Normal value,0,Units,2,Two,,
DATAFLOW,OECD.SDD.STES:DSD_STES@DF_FINMARK(4.0),Financial market,I,ISR,Israel,A,Annual,CC,Nominal exchange rates,XDC_USD,National currency per US dollar,_Z,Not applicable,_Z,Not applicable,_Z,Not applicable,_Z,Not applicable,N,National,2020,,3.441305,,A,Normal value,0,Units,2,Two,,
DATAFLOW,OECD.SDD.STES:DSD_STES@DF_FINMARK(4.0),Financial market,I,ISR,Israel,A,Annual,CC,Nominal exchange rates,XDC_USD,National currency per US dollar,_Z,Not applicable,_Z,Not applicable,_Z,Not applicable,_Z,Not applicable,N,National,2021,,3.230484,,A,Normal value,0,Units,2,Two,,
DATAFLOW,OECD.SDD.STES:DSD_STES@DF_FINMARK(4.0),Financial market,I,ISR,Israel,A,Annual,CC,Nominal exchange rates,XDC_USD,National currency per US dollar,_Z,Not applicable,_Z,Not applicable,_Z,Not applicable,_Z,Not applicable,N,National,2022,,3.359821,,A,Normal value,0,Units,2,Two,,
DATAFLOW,OECD.SDD.STES:DSD_STES@DF_FINMARK(4.0),Financial market,I,ISR,Israel,A,Annual,CC,Nominal exchange rates,XDC_USD,National currency per US dollar,_Z,Not applicable,_Z,Not applicable,_Z,Not applicable,_Z,Not applicable,N,National,2023,,3.685778,,A,Normal value,0,Units,2,Two,,
DATAFLOW,OECD.SDD.STES:DSD_STES@DF_FINMARK(4.0),Financial market,I,ISR,Israel,A,Annual,CC,Nominal exchange rates,XDC_USD,National currency per US dollar,_Z,Not applicable,_Z,Not applicable,_Z,Not applicable,_Z,Not applicable,N,National,2024,,3.700369,,A,Normal value,0,Units,2,Two,,
DATAFLOW,OECD.SDD.STES:DSD_STES@DF_FINMARK(4.0),Financial market,I,ISR,Israel,A,Annual,CC,Nominal exchange rates,XDC_USD,National currency per US dollar,_Z,Not applicable,_Z,Not applicable,_Z,Not applicable,_Z,Not applicable,N,National,1974,,0.0004455,,A,Normal value,0,Units,2,Two,,
