DATAFLOW,LAST UPDATE,freq,unit,s_adj,na_item,geo,TIME_PERIOD,OBS_VALUE,OBS_FLAG,CONF_STATUS
ESTAT:NAMQ_10_GDP(1.0),12/06/26 11:00:00,Quarterly,"Price index (implicit deflator), 2015=100, national currency",Unadjusted data (i.e. neither seasonally adjusted nor calendar adjusted data),Gross domestic product at market prices,Euro area - 19 countries  (2015-2022),1995-Q1,71.509,e,
ESTAT:NAMQ_10_GDP(1.0),12/06/26 11:00:00,Quarterly,"Price index (implicit deflator), 2015=100, national currency",Unadjusted data (i.e. neither seasonally adjusted nor calendar adjusted data),Gross domestic product at market prices,Euro area - 19 countries  (2015-2022),1995-Q2,72.300,e,
ESTAT:NAMQ_10_GDP(1.0),12/06/26 11:00:00,Quarterly,"Price index (implicit deflator), 2015=100, national currency",Unadjusted data (i.e. neither seasonally adjusted nor calendar adjusted data),Gross domestic product at market prices,Euro area - 19 countries  (2015-2022),1995-Q3,73.318,e,
ESTAT:NAMQ_10_GDP(1.0),12/06/26 11:00:00,Quarterly,"Price index (implicit deflator), 2015=100, national currency",Unadjusted data (i.e. neither seasonally adjusted nor calendar adjusted data),Gross domestic product at market prices,Euro area - 19 countries  (2015-2022),1995-Q4,74.618,e,
ESTAT:NAMQ_10_GDP(1.0),12/06/26 11:00:00,Quarterly,"Price index (implicit deflator), 2015=100, national currency",Unadjusted data (i.e. neither seasonally adjusted nor calendar adjusted data),Gross domestic product at market prices,Euro area - 19 countries  (2015-2022),1996-Q1,73.854,,
ESTAT:NAMQ_10_GDP(1.0),12/06/26 11:00:00,Quarterly,"Price index (implicit deflator), 2015=100, national currency",Unadjusted data (i.e. neither seasonally adjusted nor calendar adjusted data),Gross domestic product at market prices,Euro area - 19 countries  (2015-2022),1996-Q2,74.582,,
ESTAT:NAMQ_10_GDP(1.0),12/06/26 11:00:00,Quarterly,"Price index (implicit deflator), 2015=100, national currency",Unadjusted data (i.e. neither seasonally adjusted nor calendar adjusted data),Gross domestic product at market prices,Euro area - 19 countries  (2015-2022),1996-Q3,74.960,,
ESTAT:NAMQ_10_GDP(1.0),12/06/26 11:00:00,Quarterly,"Price index (implicit deflator), 2015=100, national currency",Unadjusted data (i.e. neither seasonally adjusted nor calendar adjusted data),Gross domestic product at market prices,Euro area - 19 countries  (2015-2022),1996-Q4,75.765,,
ESTAT:NAMQ_10_GDP(1.0),12/06/26 11:00:00,Quarterly,"Price index (implicit deflator), 2015=100, national currency",Unadjusted data (i.e. neither seasonally adjusted nor calendar adjusted data),Gross domestic product at market prices,Euro area - 19 countries  (2015-2022),1997-Q1,74.029,,
ESTAT:NAMQ_10_GDP(1.0),12/06/26 11:00:00,Quarterly,"Price index (implicit deflator), 2015=100, national currency",Unadjusted data (i.e. neither seasonally adjusted nor calendar adjusted data),Gross domestic product at market prices,Euro area - 19 countries  (2015-2022),1997-Q2,74.257,,
ESTAT:NAMQ_10_GDP(1.0),12/06/26 11:00:00,Quarterly,"Price index (implicit deflator), 2015=100, national currency",Unadjusted data (i.e. neither seasonally adjusted nor calendar adjusted data),Gross domestic product at market prices,Euro area - 19 countries  (2015-2022),1997-Q3,74.425,,
ESTAT:NAMQ_10_GDP(1.0),12/06/26 11:00:00,Quarterly,"Price index (implicit deflator), 2015=100, national currency",Unadjusted data (i.e. neither seasonally adjusted nor calendar adjusted data),Gross domestic product at market prices,Euro area - 19 countries  (2015-2022),1997-Q4,75.721,,
ESTAT:NAMQ_10_GDP(1.0),12/06/26 11:00:00,Quarterly,"Price index (implicit deflator), 2015=100, national currency",Unadjusted data (i.e. neither seasonally adjusted nor calendar adjusted data),Gross domestic product at market prices,Euro area - 19 countries  (2015-2022),1998-Q1,74.157,,
ESTAT:NAMQ_10_GDP(1.0),12/06/26 11:00:00,Quarterly,"Price index (implicit deflator), 2015=100, national currency",Unadjusted data (i.e. neither seasonally adjusted nor calendar adjusted data),Gross domestic product at market prices,Euro area - 19 countries  (2015-2022),1998-Q2,74.985,,
ESTAT:NAMQ_10_GDP(1.0),12/06/26 11:00:00,Quarterly,"Price index (implicit deflator), 2015=100, national currency",Unadjusted data (i.e. neither seasonally adjusted nor calendar adjusted data),Gross domestic product at market prices,Euro area - 19 countries  (2015-2022),1998-Q3,75.353,,
ESTAT:NAMQ_10_GDP(1.0),12/06/26 11:00:00,Quarterly,"Price index (implicit deflator), 2015=100, national currency",Unadjusted data (i.e. neither seasonally adjusted nor calendar adjusted data),Gross domestic product at market prices,Euro area - 19 countries  (2015-2022),1998-Q4,77.081,,
ESTAT:NAMQ_10_GDP(1.0),12/06/26 11:00:00,Quarterly,"Price index (implicit deflator), 2015=100, national currency",Unadjusted data (i.e. neither seasonally adjusted nor calendar adjusted data),Gross domestic product at market prices,Euro area - 19 countries  (2015-2022),1999-Q1,75.898,,
ESTAT:NAMQ_10_GDP(1.0),12/06/26 11:00:00,Quarterly,"Price index (implicit deflator), 2015=100, national currency",Unadjusted data (i.e. neither seasonally adjusted nor calendar adjusted data),Gross domestic product at market prices,Euro area - 19 countries  (2015-2022),1999-Q2,76.482,,
ESTAT:NAMQ_10_GDP(1.0),12/06/26 11:00:00,Quarterly,"Price index (implicit deflator), 2015=100, national currency",Unadjusted data (i.e. neither seasonally adjusted nor calendar adjusted data),Gross domestic product at market prices,Euro area - 19 countries  (2015-2022),1999-Q3,76.559,,
ESTAT:NAMQ_10_GDP(1.0),12/06/26 11:00:00,Quarterly,"Price index (implicit deflator), 2015=100, national currency",Unadjusted data (i.e. neither seasonally adjusted nor calendar adjusted data),Gross domestic product at market prices,Euro area - 19 countries  (2015-2022),1999-Q4,77.685,,
ESTAT:NAMQ_10_GDP(1.0),12/06/26 11:00:00,Quarterly,"Price index (implicit deflator), 2015=100, national currency",Unadjusted data (i.e. neither seasonally adjusted nor calendar adjusted data),Gross domestic product at market prices,Euro area - 19 countries  (2015-2022),2000-Q1,76.727,,
ESTAT:NAMQ_10_GDP(1.0),12/06/26 11:00:00,Quarterly,"Price index (implicit deflator), 2015=100, national currency",Unadjusted data (i.e. neither seasonally adjusted nor calendar adjusted data),Gross domestic product at market prices,Euro area - 19 countries  (2015-2022),2000-Q2,77.377,,
ESTAT:NAMQ_10_GDP(1.0),12/06/26 11:00:00,Quarterly,"Price index (implicit deflator), 2015=100, national currency",Unadjusted data (i.e. neither seasonally adjusted nor calendar adjusted data),Gross domestic product at market prices,Euro area - 19 countries  (2015-2022),2000-Q3,77.757,,
ESTAT:NAMQ_10_GDP(1.0),12/06/26 11:00:00,Quarterly,"Price index (implicit deflator), 2015=100, national currency",Unadjusted data (i.e. neither seasonally adjusted nor calendar adjusted data),Gross domestic product at market prices,Euro area - 19 countries  (2015-2022),2000-Q4,79.049,,
ESTAT:NAMQ_10_GDP(1.0),12/06/26 11:00:00,Quarterly,"Price index (implicit deflator), 2015=100, national currency",Unadjusted data (i.e. neither seasonally adjusted nor calendar adjusted data),Gross domestic product at market prices,Euro area - 19 countries  (2015-2022),2001-Q1,78.332,,
ESTAT:NAMQ_10_GDP(1.0),12/06/26 11:00:00,Quarterly,"Price index (implicit deflator), 2015=100, national currency",Unadjusted data (i.e. neither seasonally adjusted nor calendar adjusted data),Gross domestic product at market prices,Euro area - 19 countries  (2015-2022),2001-Q2,79.343,,
ESTAT:NAMQ_10_GDP(1.0),12/06/26 11:00:00,Quarterly,"Price index (implicit deflator), 2015=100, national currency",Unadjusted data (i.e. neither seasonally adjusted nor calendar adjusted data),Gross domestic product at market prices,Euro area - 19 countries  (2015-2022),2001-Q3,79.772,,
ESTAT:NAMQ_10_GDP(1.0),12/06/26 11:00:00,Quarterly,"Price index (implicit deflator), 2015=100, national currency",Unadjusted data (i.e. neither seasonally adjusted nor calendar adjusted data),Gross domestic product at market prices,Euro area - 19 countries  (2015-2022),2001-Q4,81.252,,
ESTAT:NAMQ_10_GDP(1.0),12/06/26 11:00:00,Quarterly,"Price index (implicit deflator), 2015=100, national currency",Unadjusted data (i.e. neither seasonally adjusted nor calendar adjusted data),Gross domestic product at market prices,Euro area - 19 countries  (2015-2022),2002-Q1,80.495,,
ESTAT:NAMQ_10_GDP(1.0),12/06/26 11:00:00,Quarterly,"Price index (implicit deflator), 2015=100, national currency",Unadjusted data (i.e. neither seasonally adjusted nor calendar adjusted data),Gross domestic product at market prices,Euro area - 19 countries  (2015-2022),2002-Q2,81.297,,
ESTAT:NAMQ_10_GDP(1.0),12/06/26 11:00:00,Quarterly,"Price index (implicit deflator), 2015=100, national currency",Unadjusted data (i.e. neither seasonally adjusted nor calendar adjusted data),Gross domestic product at market prices,Euro area - 19 countries  (2015-2022),2002-Q3,81.793,,
ESTAT:NAMQ_10_GDP(1.0),12/06/26 11:00:00,Quarterly,"Price index (implicit deflator), 2015=100, national currency",Unadjusted data (i.e. neither seasonally adjusted nor calendar adjusted data),Gross domestic product at market prices,Euro area - 19 countries  (2015-2022),2002-Q4,83.051,,
ESTAT:NAMQ_10_GDP(1.0),12/06/26 11:00:00,Quarterly,"Price index (implicit deflator), 2015=100, national currency",Unadjusted data (i.e. neither seasonally adjusted nor calendar adjusted data),Gross domestic product at market prices,Euro area - 19 countries  (2015-2022),2003-Q1,82.327,,
ESTAT:NAMQ_10_GDP(1.0),12/06/26 11:00:00,Quarterly,"Price index (implicit deflator), 2015=100, national currency",Unadjusted data (i.e. neither seasonally adjusted nor calendar adjusted data),Gross domestic product at market prices,Euro area - 19 countries  (2015-2022),2003-Q2,83.130,,
ESTAT:NAMQ_10_GDP(1.0),12/06/26 11:00:00,Quarterly,"Price index (implicit deflator), 2015=100, national currency",Unadjusted data (i.e. neither seasonally adjusted nor calendar adjusted data),Gross domestic product at market prices,Euro area - 19 countries  (2015-2022),2003-Q3,83.702,,
ESTAT:NAMQ_10_GDP(1.0),12/06/26 11:00:00,Quarterly,"Price index (implicit deflator), 2015=100, national currency",Unadjusted data (i.e. neither seasonally adjusted nor calendar adjusted data),Gross domestic product at market prices,Euro area - 19 countries  (2015-2022),2003-Q4,84.770,,
ESTAT:NAMQ_10_GDP(1.0),12/06/26 11:00:00,Quarterly,"Price index (implicit deflator), 2015=100, national currency",Unadjusted data (i.e. neither seasonally adjusted nor calendar adjusted data),Gross domestic product at market prices,Euro area - 19 countries  (2015-2022),2004-Q1,83.909,,
ESTAT:NAMQ_10_GDP(1.0),12/06/26 11:00:00,Quarterly,"Price index (implicit deflator), 2015=100, national currency",Unadjusted data (i.e. neither seasonally adjusted nor calendar adjusted data),Gross domestic product at market prices,Euro area - 19 countries  (2015-2022),2004-Q2,84.816,,
ESTAT:NAMQ_10_GDP(1.0),12/06/26 11:00:00,Quarterly,"Price index (implicit deflator), 2015=100, national currency",Unadjusted data (i.e. neither seasonally adjusted nor calendar adjusted data),Gross domestic product at market prices,Euro area - 19 countries  (2015-2022),2004-Q3,85.173,,
ESTAT:NAMQ_10_GDP(1.0),12/06/26 11:00:00,Quarterly,"Price index (implicit deflator), 2015=100, national currency",Unadjusted data (i.e. neither seasonally adjusted nor calendar adjusted data),Gross domestic product at market prices,Euro area - 19 countries  (2015-2022),2004-Q4,86.522,,
ESTAT:NAMQ_10_GDP(1.0),12/06/26 11:00:00,Quarterly,"Price index (implicit deflator), 2015=100, national currency",Unadjusted data (i.e. neither seasonally adjusted nor calendar adjusted data),Gross domestic product at market prices,Euro area - 19 countries  (2015-2022),2005-Q1,85.656,,
ESTAT:NAMQ_10_GDP(1.0),12/06/26 11:00:00,Quarterly,"Price index (implicit deflator), 2015=100, national currency",Unadjusted data (i.e. neither seasonally adjusted nor calendar adjusted data),Gross domestic product at market prices,Euro area - 19 countries  (2015-2022),2005-Q2,86.325,,
ESTAT:NAMQ_10_GDP(1.0),12/06/26 11:00:00,Quarterly,"Price index (implicit deflator), 2015=100, national currency",Unadjusted data (i.e. neither seasonally adjusted nor calendar adjusted data),Gross domestic product at market prices,Euro area - 19 countries  (2015-2022),2005-Q3,86.679,,
ESTAT:NAMQ_10_GDP(1.0),12/06/26 11:00:00,Quarterly,"Price index (implicit deflator), 2015=100, national currency",Unadjusted data (i.e. neither seasonally adjusted nor calendar adjusted data),Gross domestic product at market prices,Euro area - 19 countries  (2015-2022),2005-Q4,88.305,,
ESTAT:NAMQ_10_GDP(1.0),12/06/26 11:00:00,Quarterly,"Price index (implicit deflator), 2015=100, national currency",Unadjusted data (i.e. neither seasonally adjusted nor calendar adjusted data),Gross domestic product at market prices,Euro area - 19 countries  (2015-2022),2006-Q1,87.132,,
ESTAT:NAMQ_10_GDP(1.0),12/06/26 11:00:00,Quarterly,"Price index (implicit deflator), 2015=100, national currency",Unadjusted data (i.e. neither seasonally adjusted nor calendar adjusted data),Gross domestic product at market prices,Euro area - 19 countries  (2015-2022),2006-Q2,88.174,,
ESTAT:NAMQ_10_GDP(1.0),12/06/26 11:00:00,Quarterly,"Price index (implicit deflator), 2015=100, national currency",Unadjusted data (i.e. neither seasonally adjusted nor calendar adjusted data),Gross domestic product at market prices,Euro area - 19 countries  (2015-2022),2006-Q3,88.513,,
ESTAT:NAMQ_10_GDP(1.0),12/06/26 11:00:00,Quarterly,"Price index (implicit deflator), 2015=100, national currency",Unadjusted data (i.e. neither seasonally adjusted nor calendar adjusted data),Gross domestic product at market prices,Euro area - 19 countries  (2015-2022),2006-Q4,90.152,,
ESTAT:NAMQ_10_GDP(1.0),12/06/26 11:00:00,Quarterly,"Price index (implicit deflator), 2015=100, national currency",Unadjusted data (i.e. neither seasonally adjusted nor calendar adjusted data),Gross domestic product at market prices,Euro area - 19 countries  (2015-2022),2007-Q1,89.430,,
ESTAT:NAMQ_10_GDP(1.0),12/06/26 11:00:00,Quarterly,"Price index (implicit deflator), 2015=100, national currency",Unadjusted data (i.e. neither seasonally adjusted nor calendar adjusted data),Gross domestic product at market prices,Euro area - 19 countries  (2015-2022),2007-Q2,90.294,,
ESTAT:NAMQ_10_GDP(1.0),12/06/26 11:00:00,Quarterly,"Price index (implicit deflator), 2015=100, national currency",Unadjusted data (i.e. neither seasonally adjusted nor calendar adjusted data),Gross domestic product at market prices,Euro area - 19 countries  (2015-2022),2007-Q3,90.597,,
ESTAT:NAMQ_10_GDP(1.0),12/06/26 11:00:00,Quarterly,"Price index (implicit deflator), 2015=100, national currency",Unadjusted data (i.e. neither seasonally adjusted nor calendar adjusted data),Gross domestic product at market prices,Euro area - 19 countries  (2015-2022),2007-Q4,92.451,,
ESTAT:NAMQ_10_GDP(1.0),12/06/26 11:00:00,Quarterly,"Price index (implicit deflator), 2015=100, national currency",Unadjusted data (i.e. neither seasonally adjusted nor calendar adjusted data),Gross domestic product at market prices,Euro area - 19 countries  (2015-2022),2008-Q1,91.268,,
ESTAT:NAMQ_10_GDP(1.0),12/06/26 11:00:00,Quarterly,"Price index (implicit deflator), 2015=100, national currency",Unadjusted data (i.e. neither seasonally adjusted nor calendar adjusted data),Gross domestic product at market prices,Euro area - 19 countries  (2015-2022),2008-Q2,92.463,,
ESTAT:NAMQ_10_GDP(1.0),12/06/26 11:00:00,Quarterly,"Price index (implicit deflator), 2015=100, national currency",Unadjusted data (i.e. neither seasonally adjusted nor calendar adjusted data),Gross domestic product at market prices,Euro area - 19 countries  (2015-2022),2008-Q3,92.599,,
ESTAT:NAMQ_10_GDP(1.0),12/06/26 11:00:00,Quarterly,"Price index (implicit deflator), 2015=100, national currency",Unadjusted data (i.e. neither seasonally adjusted nor calendar adjusted data),Gross domestic product at market prices,Euro area - 19 countries  (2015-2022),2008-Q4,94.065,,
ESTAT:NAMQ_10_GDP(1.0),12/06/26 11:00:00,Quarterly,"Price index (implicit deflator), 2015=100, national currency",Unadjusted data (i.e. neither seasonally adjusted nor calendar adjusted data),Gross domestic product at market prices,Euro area - 19 countries  (2015-2022),2009-Q1,92.770,,
ESTAT:NAMQ_10_GDP(1.0),12/06/26 11:00:00,Quarterly,"Price index (implicit deflator), 2015=100, national currency",Unadjusted data (i.e. neither seasonally adjusted nor calendar adjusted data),Gross domestic product at market prices,Euro area - 19 countries  (2015-2022),2009-Q2,93.314,,
ESTAT:NAMQ_10_GDP(1.0),12/06/26 11:00:00,Quarterly,"Price index (implicit deflator), 2015=100, national currency",Unadjusted data (i.e. neither seasonally adjusted nor calendar adjusted data),Gross domestic product at market prices,Euro area - 19 countries  (2015-2022),2009-Q3,93.261,,
ESTAT:NAMQ_10_GDP(1.0),12/06/26 11:00:00,Quarterly,"Price index (implicit deflator), 2015=100, national currency",Unadjusted data (i.e. neither seasonally adjusted nor calendar adjusted data),Gross domestic product at market prices,Euro area - 19 countries  (2015-2022),2009-Q4,94.774,,
ESTAT:NAMQ_10_GDP(1.0),12/06/26 11:00:00,Quarterly,"Price index (implicit deflator), 2015=100, national currency",Unadjusted data (i.e. neither seasonally adjusted nor calendar adjusted data),Gross domestic product at market prices,Euro area - 19 countries  (2015-2022),2010-Q1,93.289,,
ESTAT:NAMQ_10_GDP(1.0),12/06/26 11:00:00,Quarterly,"Price index (implicit deflator), 2015=100, national currency",Unadjusted data (i.e. neither seasonally adjusted nor calendar adjusted data),Gross domestic product at market prices,Euro area - 19 countries  (2015-2022),2010-Q2,93.944,,
ESTAT:NAMQ_10_GDP(1.0),12/06/26 11:00:00,Quarterly,"Price index (implicit deflator), 2015=100, national currency",Unadjusted data (i.e. neither seasonally adjusted nor calendar adjusted data),Gross domestic product at market prices,Euro area - 19 countries  (2015-2022),2010-Q3,94.154,,
ESTAT:NAMQ_10_GDP(1.0),12/06/26 11:00:00,Quarterly,"Price index (implicit deflator), 2015=100, national currency",Unadjusted data (i.e. neither seasonally adjusted nor calendar adjusted data),Gross domestic product at market prices,Euro area - 19 countries  (2015-2022),2010-Q4,95.409,,
ESTAT:NAMQ_10_GDP(1.0),12/06/26 11:00:00,Quarterly,"Price index (implicit deflator), 2015=100, national currency",Unadjusted data (i.e. neither seasonally adjusted nor calendar adjusted data),Gross domestic product at market prices,Euro area - 19 countries  (2015-2022),2011-Q1,94.327,,
ESTAT:NAMQ_10_GDP(1.0),12/06/26 11:00:00,Quarterly,"Price index (implicit deflator), 2015=100, national currency",Unadjusted data (i.e. neither seasonally adjusted nor calendar adjusted data),Gross domestic product at market prices,Euro area - 19 countries  (2015-2022),2011-Q2,94.961,,
ESTAT:NAMQ_10_GDP(1.0),12/06/26 11:00:00,Quarterly,"Price index (implicit deflator), 2015=100, national currency",Unadjusted data (i.e. neither seasonally adjusted nor calendar adjusted data),Gross domestic product at market prices,Euro area - 19 countries  (2015-2022),2011-Q3,95.153,,
ESTAT:NAMQ_10_GDP(1.0),12/06/26 11:00:00,Quarterly,"Price index (implicit deflator), 2015=100, national currency",Unadjusted data (i.e. neither seasonally adjusted nor calendar adjusted data),Gross domestic product at market prices,Euro area - 19 countries  (2015-2022),2011-Q4,96.615,,
ESTAT:NAMQ_10_GDP(1.0),12/06/26 11:00:00,Quarterly,"Price index (implicit deflator), 2015=100, national currency",Unadjusted data (i.e. neither seasonally adjusted nor calendar adjusted data),Gross domestic product at market prices,Euro area - 19 countries  (2015-2022),2012-Q1,95.458,,
ESTAT:NAMQ_10_GDP(1.0),12/06/26 11:00:00,Quarterly,"Price index (implicit deflator), 2015=100, national currency",Unadjusted data (i.e. neither seasonally adjusted nor calendar adjusted data),Gross domestic product at market prices,Euro area - 19 countries  (2015-2022),2012-Q2,96.106,,
ESTAT:NAMQ_10_GDP(1.0),12/06/26 11:00:00,Quarterly,"Price index (implicit deflator), 2015=100, national currency",Unadjusted data (i.e. neither seasonally adjusted nor calendar adjusted data),Gross domestic product at market prices,Euro area - 19 countries  (2015-2022),2012-Q3,96.549,,
ESTAT:NAMQ_10_GDP(1.0),12/06/26 11:00:00,Quarterly,"Price index (implicit deflator), 2015=100, national currency",Unadjusted data (i.e. neither seasonally adjusted nor calendar adjusted data),Gross domestic product at market prices,Euro area - 19 countries  (2015-2022),2012-Q4,97.820,,
ESTAT:NAMQ_10_GDP(1.0),12/06/26 11:00:00,Quarterly,"Price index (implicit deflator), 2015=100, national currency",Unadjusted data (i.e. neither seasonally adjusted nor calendar adjusted data),Gross domestic product at market prices,Euro area - 19 countries  (2015-2022),2013-Q1,96.907,,
ESTAT:NAMQ_10_GDP(1.0),12/06/26 11:00:00,Quarterly,"Price index (implicit deflator), 2015=100, national currency",Unadjusted data (i.e. neither seasonally adjusted nor calendar adjusted data),Gross domestic product at market prices,Euro area - 19 countries  (2015-2022),2013-Q2,97.440,,
ESTAT:NAMQ_10_GDP(1.0),12/06/26 11:00:00,Quarterly,"Price index (implicit deflator), 2015=100, national currency",Unadjusted data (i.e. neither seasonally adjusted nor calendar adjusted data),Gross domestic product at market prices,Euro area - 19 countries  (2015-2022),2013-Q3,97.651,,
ESTAT:NAMQ_10_GDP(1.0),12/06/26 11:00:00,Quarterly,"Price index (implicit deflator), 2015=100, national currency",Unadjusted data (i.e. neither seasonally adjusted nor calendar adjusted data),Gross domestic product at market prices,Euro area - 19 countries  (2015-2022),2013-Q4,98.748,,
ESTAT:NAMQ_10_GDP(1.0),12/06/26 11:00:00,Quarterly,"Price index (implicit deflator), 2015=100, national currency",Unadjusted data (i.e. neither seasonally adjusted nor calendar adjusted data),Gross domestic product at market prices,Euro area - 19 countries  (2015-2022),2014-Q1,97.791,,
ESTAT:NAMQ_10_GDP(1.0),12/06/26 11:00:00,Quarterly,"Price index (implicit deflator), 2015=100, national currency",Unadjusted data (i.e. neither seasonally adjusted nor calendar adjusted data),Gross domestic product at market prices,Euro area - 19 countries  (2015-2022),2014-Q2,98.332,,
ESTAT:NAMQ_10_GDP(1.0),12/06/26 11:00:00,Quarterly,"Price index (implicit deflator), 2015=100, national currency",Unadjusted data (i.e. neither seasonally adjusted nor calendar adjusted data),Gross domestic product at market prices,Euro area - 19 countries  (2015-2022),2014-Q3,98.546,,
ESTAT:NAMQ_10_GDP(1.0),12/06/26 11:00:00,Quarterly,"Price index (implicit deflator), 2015=100, national currency",Unadjusted data (i.e. neither seasonally adjusted nor calendar adjusted data),Gross domestic product at market prices,Euro area - 19 countries  (2015-2022),2014-Q4,99.786,,
ESTAT:NAMQ_10_GDP(1.0),12/06/26 11:00:00,Quarterly,"Price index (implicit deflator), 2015=100, national currency",Unadjusted data (i.e. neither seasonally adjusted nor calendar adjusted data),Gross domestic product at market prices,Euro area - 19 countries  (2015-2022),2015-Q1,98.923,,
ESTAT:NAMQ_10_GDP(1.0),12/06/26 11:00:00,Quarterly,"Price index (implicit deflator), 2015=100, national currency",Unadjusted data (i.e. neither seasonally adjusted nor calendar adjusted data),Gross domestic product at market prices,Euro area - 19 countries  (2015-2022),2015-Q2,99.744,,
ESTAT:NAMQ_10_GDP(1.0),12/06/26 11:00:00,Quarterly,"Price index (implicit deflator), 2015=100, national currency",Unadjusted data (i.e. neither seasonally adjusted nor calendar adjusted data),Gross domestic product at market prices,Euro area - 19 countries  (2015-2022),2015-Q3,100.044,,
ESTAT:NAMQ_10_GDP(1.0),12/06/26 11:00:00,Quarterly,"Price index (implicit deflator), 2015=100, national currency",Unadjusted data (i.e. neither seasonally adjusted nor calendar adjusted data),Gross domestic product at market prices,Euro area - 19 countries  (2015-2022),2015-Q4,101.223,,
ESTAT:NAMQ_10_GDP(1.0),12/06/26 11:00:00,Quarterly,"Price index (implicit deflator), 2015=100, national currency",Unadjusted data (i.e. neither seasonally adjusted nor calendar adjusted data),Gross domestic product at market prices,Euro area - 19 countries  (2015-2022),2016-Q1,100.046,,
ESTAT:NAMQ_10_GDP(1.0),12/06/26 11:00:00,Quarterly,"Price index (implicit deflator), 2015=100, national currency",Unadjusted data (i.e. neither seasonally adjusted nor calendar adjusted data),Gross domestic product at market prices,Euro area - 19 countries  (2015-2022),2016-Q2,100.679,,
ESTAT:NAMQ_10_GDP(1.0),12/06/26 11:00:00,Quarterly,"Price index (implicit deflator), 2015=100, national currency",Unadjusted data (i.e. neither seasonally adjusted nor calendar adjusted data),Gross domestic product at market prices,Euro area - 19 countries  (2015-2022),2016-Q3,100.841,,
ESTAT:NAMQ_10_GDP(1.0),12/06/26 11:00:00,Quarterly,"Price index (implicit deflator), 2015=100, national currency",Unadjusted data (i.e. neither seasonally adjusted nor calendar adjusted data),Gross domestic product at market prices,Euro area - 19 countries  (2015-2022),2016-Q4,102.013,,
ESTAT:NAMQ_10_GDP(1.0),12/06/26 11:00:00,Quarterly,"Price index (implicit deflator), 2015=100, national currency",Unadjusted data (i.e. neither seasonally adjusted nor calendar adjusted data),Gross domestic product at market prices,Euro area - 19 countries  (2015-2022),2017-Q1,101.002,,
ESTAT:NAMQ_10_GDP(1.0),12/06/26 11:00:00,Quarterly,"Price index (implicit deflator), 2015=100, national currency",Unadjusted data (i.e. neither seasonally adjusted nor calendar adjusted data),Gross domestic product at market prices,Euro area - 19 countries  (2015-2022),2017-Q2,101.759,,
ESTAT:NAMQ_10_GDP(1.0),12/06/26 11:00:00,Quarterly,"Price index (implicit deflator), 2015=100, national currency",Unadjusted data (i.e. neither seasonally adjusted nor calendar adjusted data),Gross domestic product at market prices,Euro area - 19 countries  (2015-2022),2017-Q3,101.988,,
ESTAT:NAMQ_10_GDP(1.0),12/06/26 11:00:00,Quarterly,"Price index (implicit deflator), 2015=100, national currency",Unadjusted data (i.e. neither seasonally adjusted nor calendar adjusted data),Gross domestic product at market prices,Euro area - 19 countries  (2015-2022),2017-Q4,103.421,,
ESTAT:NAMQ_10_GDP(1.0),12/06/26 11:00:00,Quarterly,"Price index (implicit deflator), 2015=100, national currency",Unadjusted data (i.e. neither seasonally adjusted nor calendar adjusted data),Gross domestic product at market prices,Euro area - 19 countries  (2015-2022),2018-Q1,102.555,,
ESTAT:NAMQ_10_GDP(1.0),12/06/26 11:00:00,Quarterly,"Price index (implicit deflator), 2015=100, national currency",Unadjusted data (i.e. neither seasonally adjusted nor calendar adjusted data),Gross domestic product at market prices,Euro area - 19 countries  (2015-2022),2018-Q2,103.039,,
ESTAT:NAMQ_10_GDP(1.0),12/06/26 11:00:00,Quarterly,"Price index (implicit deflator), 2015=100, national currency",Unadjusted data (i.e. neither seasonally adjusted nor calendar adjusted data),Gross domestic product at market prices,Euro area - 19 countries  (2015-2022),2018-Q3,103.590,,
ESTAT:NAMQ_10_GDP(1.0),12/06/26 11:00:00,Quarterly,"Price index (implicit deflator), 2015=100, national currency",Unadjusted data (i.e. neither seasonally adjusted nor calendar adjusted data),Gross domestic product at market prices,Euro area - 19 countries  (2015-2022),2018-Q4,105.195,,
ESTAT:NAMQ_10_GDP(1.0),12/06/26 11:00:00,Quarterly,"Price index (implicit deflator), 2015=100, national currency",Unadjusted data (i.e. neither seasonally adjusted nor calendar adjusted data),Gross domestic product at market prices,Euro area - 19 countries  (2015-2022),2019-Q1,104.273,,
ESTAT:NAMQ_10_GDP(1.0),12/06/26 11:00:00,Quarterly,"Price index (implicit deflator), 2015=100, national currency",Unadjusted data (i.e. neither seasonally adjusted nor calendar adjusted data),Gross domestic product at market prices,Euro area - 19 countries  (2015-2022),2019-Q2,104.831,,
ESTAT:NAMQ_10_GDP(1.0),12/06/26 11:00:00,Quarterly,"Price index (implicit deflator), 2015=100, national currency",Unadjusted data (i.e. neither seasonally adjusted nor calendar adjusted data),Gross domestic product at market prices,Euro area - 19 countries  (2015-2022),2019-Q3,105.286,,
ESTAT:NAMQ_10_GDP(1.0),12/06/26 11:00:00,Quarterly,"Price index (implicit deflator), 2015=100, national currency",Unadjusted data (i.e. neither seasonally adjusted nor calendar adjusted data),Gross domestic product at market prices,Euro area - 19 countries  (2015-2022),2019-Q4,107.031,,
ESTAT:NAMQ_10_GDP(1.0),12/06/26 11:00:00,Quarterly,"Price index (implicit deflator), 2015=100, national currency",Unadjusted data (i.e. neither seasonally adjusted nor calendar adjusted data),Gross domestic product at market prices,Euro area - 19 countries  (2015-2022),2020-Q1,106.365,,
ESTAT:NAMQ_10_GDP(1.0),12/06/26 11:00:00,Quarterly,"Price index (implicit deflator), 2015=100, national currency",Unadjusted data (i.e. neither seasonally adjusted nor calendar adjusted data),Gross domestic product at market prices,Euro area - 19 countries  (2015-2022),2020-Q2,107.728,,
ESTAT:NAMQ_10_GDP(1.0),12/06/26 11:00:00,Quarterly,"Price index (implicit deflator), 2015=100, national currency",Unadjusted data (i.e. neither seasonally adjusted nor calendar adjusted data),Gross domestic product at market prices,Euro area - 19 countries  (2015-2022),2020-Q3,106.530,,
ESTAT:NAMQ_10_GDP(1.0),12/06/26 11:00:00,Quarterly,"Price index (implicit deflator), 2015=100, national currency",Unadjusted data (i.e. neither seasonally adjusted nor calendar adjusted data),Gross domestic product at market prices,Euro area - 19 countries  (2015-2022),2020-Q4,108.550,,
ESTAT:NAMQ_10_GDP(1.0),12/06/26 11:00:00,Quarterly,"Price index (implicit deflator), 2015=100, national currency",Unadjusted data (i.e. neither seasonally adjusted nor calendar adjusted data),Gross domestic product at market prices,Euro area - 19 countries  (2015-2022),2021-Q1,107.873,,
ESTAT:NAMQ_10_GDP(1.0),12/06/26 11:00:00,Quarterly,"Price index (implicit deflator), 2015=100, national currency",Unadjusted data (i.e. neither seasonally adjusted nor calendar adjusted data),Gross domestic product at market prices,Euro area - 19 countries  (2015-2022),2021-Q2,108.548,,
ESTAT:NAMQ_10_GDP(1.0),12/06/26 11:00:00,Quarterly,"Price index (implicit deflator), 2015=100, national currency",Unadjusted data (i.e. neither seasonally adjusted nor calendar adjusted data),Gross domestic product at market prices,Euro area - 19 countries  (2015-2022),2021-Q3,109.709,,
ESTAT:NAMQ_10_GDP(1.0),12/06/26 11:00:00,Quarterly,"Price index (implicit deflator), 2015=100, national currency",Unadjusted data (i.e. neither seasonally adjusted nor calendar adjusted data),Gross domestic product at market prices,Euro area - 19 countries  (2015-2022),2021-Q4,111.835,,
ESTAT:NAMQ_10_GDP(1.0),12/06/26 11:00:00,Quarterly,"Price index (implicit deflator), 2015=100, national currency",Unadjusted data (i.e. neither seasonally adjusted nor calendar adjusted data),Gross domestic product at market prices,Euro area - 19 countries  (2015-2022),2022-Q1,112.486,,
ESTAT:NAMQ_10_GDP(1.0),12/06/26 11:00:00,Quarterly,"Price index (implicit deflator), 2015=100, national currency",Unadjusted data (i.e. neither seasonally adjusted nor calendar adjusted data),Gross domestic product at market prices,Euro area - 19 countries  (2015-2022),2022-Q2,114.133,,
ESTAT:NAMQ_10_GDP(1.0),12/06/26 11:00:00,Quarterly,"Price index (implicit deflator), 2015=100, national currency",Unadjusted data (i.e. neither seasonally adjusted nor calendar adjusted data),Gross domestic product at market prices,Euro area - 19 countries  (2015-2022),2022-Q3,115.534,,
ESTAT:NAMQ_10_GDP(1.0),12/06/26 11:00:00,Quarterly,"Price index (implicit deflator), 2015=100, national currency",Unadjusted data (i.e. neither seasonally adjusted nor calendar adjusted data),Gross domestic product at market prices,Euro area - 19 countries  (2015-2022),2022-Q4,118.566,,
ESTAT:NAMQ_10_GDP(1.0),12/06/26 11:00:00,Quarterly,"Price index (implicit deflator), 2015=100, national currency",Unadjusted data (i.e. neither seasonally adjusted nor calendar adjusted data),Gross domestic product at market prices,Euro area - 19 countries  (2015-2022),2023-Q1,119.962,,
ESTAT:NAMQ_10_GDP(1.0),12/06/26 11:00:00,Quarterly,"Price index (implicit deflator), 2015=100, national currency",Unadjusted data (i.e. neither seasonally adjusted nor calendar adjusted data),Gross domestic product at market prices,Euro area - 19 countries  (2015-2022),2023-Q2,121.780,,
ESTAT:NAMQ_10_GDP(1.0),12/06/26 11:00:00,Quarterly,"Price index (implicit deflator), 2015=100, national currency",Unadjusted data (i.e. neither seasonally adjusted nor calendar adjusted data),Gross domestic product at market prices,Euro area - 19 countries  (2015-2022),2023-Q3,122.408,,
ESTAT:NAMQ_10_GDP(1.0),12/06/26 11:00:00,Quarterly,"Price index (implicit deflator), 2015=100, national currency",Unadjusted data (i.e. neither seasonally adjusted nor calendar adjusted data),Gross domestic product at market prices,Euro area - 19 countries  (2015-2022),2023-Q4,124.766,,
ESTAT:NAMQ_10_GDP(1.0),12/06/26 11:00:00,Quarterly,"Price index (implicit deflator), 2015=100, national currency",Unadjusted data (i.e. neither seasonally adjusted nor calendar adjusted data),Gross domestic product at market prices,Euro area - 19 countries  (2015-2022),2024-Q1,124.402,,
ESTAT:NAMQ_10_GDP(1.0),12/06/26 11:00:00,Quarterly,"Price index (implicit deflator), 2015=100, national currency",Unadjusted data (i.e. neither seasonally adjusted nor calendar adjusted data),Gross domestic product at market prices,Euro area - 19 countries  (2015-2022),2024-Q2,125.341,,
ESTAT:NAMQ_10_GDP(1.0),12/06/26 11:00:00,Quarterly,"Price index (implicit deflator), 2015=100, national currency",Unadjusted data (i.e. neither seasonally adjusted nor calendar adjusted data),Gross domestic product at market prices,Euro area - 19 countries  (2015-2022),2024-Q3,125.645,,
ESTAT:NAMQ_10_GDP(1.0),12/06/26 11:00:00,Quarterly,"Price index (implicit deflator), 2015=100, national currency",Unadjusted data (i.e. neither seasonally adjusted nor calendar adjusted data),Gross domestic product at market prices,Euro area - 19 countries  (2015-2022),2024-Q4,127.880,,
ESTAT:NAMQ_10_GDP(1.0),12/06/26 11:00:00,Quarterly,"Price index (implicit deflator), 2015=100, national currency",Unadjusted data (i.e. neither seasonally adjusted nor calendar adjusted data),Gross domestic product at market prices,Euro area - 19 countries  (2015-2022),2025-Q1,127.246,,
ESTAT:NAMQ_10_GDP(1.0),12/06/26 11:00:00,Quarterly,"Price index (implicit deflator), 2015=100, national currency",Unadjusted data (i.e. neither seasonally adjusted nor calendar adjusted data),Gross domestic product at market prices,Euro area - 19 countries  (2015-2022),2025-Q2,128.446,,
ESTAT:NAMQ_10_GDP(1.0),12/06/26 11:00:00,Quarterly,"Price index (implicit deflator), 2015=100, national currency",Unadjusted data (i.e. neither seasonally adjusted nor calendar adjusted data),Gross domestic product at market prices,Euro area - 19 countries  (2015-2022),2025-Q3,128.639,,
ESTAT:NAMQ_10_GDP(1.0),12/06/26 11:00:00,Quarterly,"Price index (implicit deflator), 2015=100, national currency",Unadjusted data (i.e. neither seasonally adjusted nor calendar adjusted data),Gross domestic product at market prices,Euro area - 19 countries  (2015-2022),2025-Q4,131.105,,
